scan_id,patient_id,name,dob,location,wristband_id
SCAN-3001,PAT-1001,John A. Miller,1965-03-12,Ward-3A Bed-01,WB-1001
SCAN-3002,PAT-1002,Jon A. Miller,1965-03-12,Ward-9Z Bed-99,WB-1002
SCAN-3003,PAT-9999,Maria E. Garcia,1982-11-05,Ward-3B Bed-05,WB-9999
SCAN-3004,PAT-1004,Robert Chen,1974-02-18,Ward-2A Bed-04,WB-9999
SCAN-3005,PAT-9999,Completely Different,1900-01-01,Ward-2A Bed-05,WB-9999
SCAN-3006,PAT-1006,Arun Kumar,1985-09-10,Ward-4A Bed-01,WB-1006
SCAN-3007,PAT-1007,Aruna Kumar,1985-09-11,Ward-9Z Bed-99,WB-1007
SCAN-3008,PAT-9999,David Wilson,1958-01-30,Ward-3B Bed-01,WB-9999
SCAN-3009,PAT-1009,Meena Ravi,1979-06-14,Ward-3B Bed-02,WB-9999
SCAN-3010,PAT-9999,Completely Different,1900-01-01,Ward-3B Bed-03,WB-9999
SCAN-3011,PAT-1011,Latha Devi,1992-03-17,Ward-1A Bed-01,WB-1011
SCAN-3012,PAT-1012,Karthik S,1988-05-22,Ward-9Z Bed-99,WB-1012
SCAN-3013,PAT-9999,Keerthi S,1988-05-23,Ward-1A Bed-03,WB-9999
SCAN-3014,PAT-1014,Michael Brown,1961-08-09,Ward-2B Bed-01,WB-9999
SCAN-3015,PAT-9999,Completely Different,1900-01-01,Ward-2B Bed-02,WB-9999
SCAN-3016,PAT-1016,Priya Nair,1995-10-12,Ward-4B Bed-01,WB-1016
SCAN-3017,PAT-1017,Priyanka Nair,1994-10-12,Ward-9Z Bed-99,WB-1017
SCAN-3018,PAT-9999,Rahul Das,1972-04-19,Ward-5A Bed-01,WB-9999
SCAN-3019,PAT-1019,Rahul D,1972-04-20,Ward-5A Bed-02,WB-9999
SCAN-3020,PAT-9999,Completely Different,1900-01-01,Ward-5A Bed-03,WB-9999
SCAN-3021,PAT-1001,John A. Miller,1965-03-12,Ward-3A Bed-01,WB-1001
SCAN-3022,PAT-1002,Jon A. Miller,1965-03-12,Ward-3A Bed-02,WB-1002
SCAN-3023,PAT-1003,Maria E. Garcia,1982-11-05,Ward-3B Bed-05,WB-1003
SCAN-3024,PAT-1004,Robert Chen,1974-02-18,Ward-2A Bed-04,WB-1004
SCAN-3025,PAT-1005,Anita Joseph,1990-07-21,Ward-2A Bed-05,WB-1005
SCAN-3026,PAT-1006,Arun Kumar,1985-09-10,Ward-4A Bed-01,WB-1006
SCAN-3027,PAT-1007,Aruna Kumar,1985-09-11,Ward-4A Bed-02,WB-1007
SCAN-3028,PAT-1008,David Wilson,1958-01-30,Ward-3B Bed-01,WB-1008
SCAN-3029,PAT-1009,Meena Ravi,1979-06-14,Ward-3B Bed-02,WB-1009
SCAN-3030,PAT-1010,Suresh Raj,1968-12-01,Ward-3B Bed-03,WB-1010
